model,threshold,precision,recall,f1,roc_auc,pr_auc,cv_roc_auc_mean,cv_roc_auc_std,cv_pr_auc_mean,cv_pr_auc_std
Logistic Regression,0.2,0.5482913155955883,1.0,0.7082534275982483,0.7316072695708691,0.7998833294460225,0.7295668931470229,0.0019522268720458132,0.7987623172693123,0.002378199219966633
Logistic Regression,0.25,0.5482913155955883,1.0,0.7082534275982483,0.7316072695708691,0.7998833294460225,0.7295668931470229,0.0019522268720458132,0.7987623172693123,0.002378199219966633
Logistic Regression,0.3,0.5491238892315901,0.9983228426806228,0.7085257421482862,0.7316072695708691,0.7998833294460225,0.7295668931470229,0.0019522268720458132,0.7987623172693123,0.002378199219966633
Logistic Regression,0.35,0.7856274789994524,0.5943502025723147,0.6767324682495859,0.7316072695708691,0.7998833294460225,0.7295668931470229,0.0019522268720458132,0.7987623172693123,0.002378199219966633
Logistic Regression,0.4,0.7998667628934658,0.5822766905442679,0.6739441849043145,0.7316072695708691,0.7998833294460225,0.7295668931470229,0.0019522268720458132,0.7987623172693123,0.002378199219966633
Logistic Regression,0.45,0.8488021577026813,0.5405296179920588,0.6604652885369151,0.7316072695708691,0.7998833294460225,0.7295668931470229,0.0019522268720458132,0.7987623172693123,0.002378199219966633
Logistic Regression,0.5,0.8488021577026813,0.5405296179920588,0.6604652885369151,0.7316072695708691,0.7998833294460225,0.7295668931470229,0.0019522268720458132,0.7987623172693123,0.002378199219966633
Logistic Regression,0.55,0.8488021577026813,0.5405296179920588,0.6604652885369151,0.7316072695708691,0.7998833294460225,0.7295668931470229,0.0019522268720458132,0.7987623172693123,0.002378199219966633
Logistic Regression,0.6,0.8488021577026813,0.5405296179920588,0.6604652885369151,0.7316072695708691,0.7998833294460225,0.7295668931470229,0.0019522268720458132,0.7987623172693123,0.002378199219966633
Logistic Regression,0.65,0.8488021577026813,0.5405296179920588,0.6604652885369151,0.7316072695708691,0.7998833294460225,0.7295668931470229,0.0019522268720458132,0.7987623172693123,0.002378199219966633
Logistic Regression,0.7,0.849055103079664,0.539266698323853,0.6595980005066702,0.7316072695708691,0.7998833294460225,0.7295668931470229,0.0019522268720458132,0.7987623172693123,0.002378199219966633
Logistic Regression,0.75,0.951727081925225,0.27030522242541194,0.42103109656301146,0.7316072695708691,0.7998833294460225,0.7295668931470229,0.0019522268720458132,0.7987623172693123,0.002378199219966633
Logistic Regression,0.8,0.9532249946070325,0.2678703133051113,0.41821580396084895,0.7316072695708691,0.7998833294460225,0.7295668931470229,0.0019522268720458132,0.7987623172693123,0.002378199219966633
CART,0.2,0.5489507190391351,0.9992725582711135,0.7086205167151475,0.7317109775442252,0.7615365575579748,0.7301700293401876,0.0015571549024137477,0.7644723511138075,0.0010344934033650914
CART,0.25,0.5489916344237633,0.9991917314123483,0.708634279163084,0.7317109775442252,0.7615365575579748,0.7301700293401876,0.0015571549024137477,0.7644723511138075,0.0010344934033650914
CART,0.3,0.5509047051383222,0.9945138769613142,0.7090407485575573,0.7317109775442252,0.7615365575579748,0.7301700293401876,0.0015571549024137477,0.7644723511138075,0.0010344934033650914
CART,0.35,0.7917462640057445,0.5904199965648586,0.676420543331057,0.7317109775442252,0.7615365575579748,0.7301700293401876,0.0015571549024137477,0.7644723511138075,0.0010344934033650914
CART,0.4,0.8409115522069402,0.5491578851652404,0.6644174703876197,0.7317109775442252,0.7615365575579748,0.7301700293401876,0.0015571549024137477,0.7644723511138075,0.0010344934033650914
CART,0.45,0.8431818181818181,0.547258453984259,0.6637298810785641,0.7317109775442252,0.7615365575579748,0.7301700293401876,0.0015571549024137477,0.7644723511138075,0.0010344934033650914
CART,0.5,0.8460752730415652,0.5439647594895783,0.6621897522938036,0.7317109775442252,0.7615365575579748,0.7301700293401876,0.0015571549024137477,0.7644723511138075,0.0010344934033650914
CART,0.55,0.8487486915976782,0.5407013750669347,0.6605772969370058,0.7317109775442252,0.7615365575579748,0.7301700293401876,0.0015571549024137477,0.7644723511138075,0.0010344934033650914
CART,0.6,0.8487968147713393,0.5406205482081696,0.6605315458776185,0.7317109775442252,0.7615365575579748,0.7301700293401876,0.0015571549024137477,0.7644723511138075,0.0010344934033650914
CART,0.65,0.8491994085004214,0.5395900057589137,0.6598833617515506,0.7317109775442252,0.7615365575579748,0.7301700293401876,0.0015571549024137477,0.7644723511138075,0.0010344934033650914
CART,0.7,0.8535371020657138,0.5230811198561282,0.6486462783617525,0.7317109775442252,0.7615365575579748,0.7301700293401876,0.0015571549024137477,0.7644723511138075,0.0010344934033650914
CART,0.75,0.9504731084456013,0.2730028188366994,0.4241715460810323,0.7317109775442252,0.7615365575579748,0.7301700293401876,0.0015571549024137477,0.7644723511138075,0.0010344934033650914
CART,0.8,0.9528872659578277,0.26892106246905845,0.419462611299346,0.7317109775442252,0.7615365575579748,0.7301700293401876,0.0015571549024137477,0.7644723511138075,0.0010344934033650914
Random Forest,0.2,0.5482913155955883,1.0,0.7082534275982483,0.749432207536172,0.8153185390541553,0.7309995342430538,0.002001398454664328,0.8006652455396152,0.002109904322784734
Random Forest,0.25,0.5485655374246187,0.9999292764985804,0.7084644210842791,0.749432207536172,0.8153185390541553,0.7309995342430538,0.002001398454664328,0.8006652455396152,0.002109904322784734
Random Forest,0.3,0.5496091969358371,0.998888630691979,0.7090721967417692,0.749432207536172,0.8153185390541553,0.7309995342430538,0.002001398454664328,0.8006652455396152,0.002109904322784734
Random Forest,0.35,0.6972170243261536,0.7077199753478081,0.702429241144175,0.749432207536172,0.8153185390541553,0.7309995342430538,0.002001398454664328,0.8006652455396152,0.002109904322784734
Random Forest,0.4,0.8079594465916092,0.5829435121290805,0.6772502919789423,0.749432207536172,0.8153185390541553,0.7309995342430538,0.002001398454664328,0.8006652455396152,0.002109904322784734
Random Forest,0.45,0.8437567559220482,0.5520474453660952,0.6674199163282133,0.749432207536172,0.8153185390541553,0.7309995342430538,0.002001398454664328,0.8006652455396152,0.002109904322784734
Random Forest,0.5,0.8489017505574268,0.5423684290289663,0.6618664233666638,0.749432207536172,0.8153185390541553,0.7309995342430538,0.002001398454664328,0.8006652455396152,0.002109904322784734
Random Forest,0.55,0.8489210914337355,0.5409741657152671,0.6608330762110459,0.749432207536172,0.8153185390541553,0.7309995342430538,0.002001398454664328,0.8006652455396152,0.002109904322784734
Random Forest,0.6,0.8490176786111023,0.5405296179920588,0.6605305233006772,0.749432207536172,0.8153185390541553,0.7309995342430538,0.002001398454664328,0.8006652455396152,0.002109904322784734
Random Forest,0.65,0.8494266747133373,0.5403780676318741,0.6605410545685828,0.749432207536172,0.8153185390541553,0.7309995342430538,0.002001398454664328,0.8006652455396152,0.002109904322784734
Random Forest,0.7,0.8621419548666825,0.5102801660991948,0.6411058714513294,0.749432207536172,0.8153185390541553,0.7309995342430538,0.002001398454664328,0.8006652455396152,0.002109904322784734
Random Forest,0.75,0.9509608564963355,0.28448023278135326,0.43794814365483026,0.749432207536172,0.8153185390541553,0.7309995342430538,0.002001398454664328,0.8006652455396152,0.002109904322784734
Random Forest,0.8,0.9537017128932846,0.26889075239702154,0.41950458296225657,0.749432207536172,0.8153185390541553,0.7309995342430538,0.002001398454664328,0.8006652455396152,0.002109904322784734
